{"cameraMode":{"drawMode":0,"name":"Shaded","section":"Shading Mode"},"sceneLighting":true,"audioPlay":false,"sceneViewState":{"showFog":true,"showMaterialUpdate":false,"showSkybox":true,"showFlares":true,"showImageEffects":true,"showParticleSystems":true,"showVisualEffectGraphs":true,"m_FxEnabled":true},"in2DMode":false,"pivot":{"x":3.2430098056793215,"y":6.051455974578857,"z":88.45025634765625},"rotation":{"x":0.0063103800639510159,"y":0.013503029011189938,"z":-0.00007212097989395261,"w":0.9999376535415649},"size":47.321285247802737,"orthographic":false}